Table with row headers in column A and column headers in rows 4 through 5,,,,,,,,,,,,,,,
"Table A-2.
Households by Total Money Income, Race, and Hispanic Origin of Householder: 1967 to 2023",,,,,,,,,,,,,,,
"(Income in 2023 dollars, adjusted using the C-CPI-U (2000-2023) and R-CPI-U-RS (pre-2000). Households as of March of the following year. Information on confidentiality protection, sampling error, nonsampling error, and definitions is available at <https://www2.census.gov/programs-surveys/cps/techdocs/cpsmar24.pdf>)",,,,,,,,,,,,,,,
"Race and Hispanic origin of householder
and year1",Number (thousands),Percent distribution,,,,,,,,,,"Median income
(dollars)",,"Mean income
(dollars)",
,,Total,"Under $15,000","$15,000
to
$24,999","$25,000
to
$34,999","$35,000
to
$49,999","$50,000
to
$74,999","$75,000
to
$99,999","$100,000
to
$149,999","$150,000
to
$199,999","$200,000 and over",Estimate,Margin of error2 (±),Estimate,Margin of error2 (±)
ALL RACES,,,,,,,,,,,,,,,
2023,"132,200",100,7.4,6.7,6.9,10.3,15.7,12.1,17.0,9.5,14.4,"80,610",634,"114,500","1,098"
2022,"131,400",100,8.1,7.2,7.4,10.4,15.9,12.2,16.7,9.3,12.9,"77,540","1,006","110,600","1,075"
2021,"131,200",100,8.1,7.4,7.2,9.9,15.3,11.9,16.4,9.3,14.4,"79,260",678,"114,600","1,153"
2020 3,"129,200",100,7.6,7.4,6.8,10.6,15.2,12.3,16.5,9.3,14.2,"79,560","1,030","114,000","1,227"
2019,"128,500",100,7.3,7.0,6.7,10.6,15.5,11.9,17.1,9.4,14.6,"81,210","1,069","115,900","1,232"
2018,"128,600",100,8.3,7.5,7.2,10.9,15.8,12.5,16.6,9.0,12.3,"75,790",829,"108,000","1,077"
2017 4,"127,700",100,8.4,7.8,7.5,11.3,15.5,12.1,16.3,8.7,12.5,"74,810",647,"107,300","1,148"
2017,"127,600",100,8.4,7.8,7.6,11.3,15.2,12.2,16.4,9.0,12.1,"75,100",674,"105,500","1,047"
2016,"126,200",100,8.6,7.8,7.8,11.4,15.8,12.3,16.3,8.6,11.5,"73,520",893,"103,500",961
2015,"125,800",100,8.4,8.3,8.6,11.3,15.4,12.3,16.3,8.9,10.5,"71,000",663,"99,580",833
2014,"124,600",100,9.3,8.7,8.8,11.5,15.9,12.4,15.4,8.3,9.8,"67,360",810,"95,080",921
2013 5,"123,900",100,9.2,8.9,8.7,11.1,15.8,12.7,15.6,8.0,9.8,"68,220","1,370","95,740","1,391"
2013 6,"123,000",100,9.1,9.3,8.5,11.8,16.4,12.8,15.5,7.9,8.7,"66,130",578,"92,490","1,045"
2012,"122,500",100,9.1,9.2,9.1,11.9,16.3,12.6,15.6,7.8,8.4,"65,740",443,"91,850",892
2011,"121,100",100,9.3,8.9,9.1,12.4,16.4,12.6,15.2,7.8,8.4,"65,750",542,"91,520",795
2010 7,"119,900",100,9.3,9.0,8.8,11.7,16.6,12.3,15.9,7.8,8.6,"66,730",724,"91,270",802
2009 8,"117,500",100,8.5,8.6,9.0,11.9,16.4,12.8,16.2,7.8,8.8,"68,340",481,"93,320",549
2008,"117,200",100,8.4,8.7,8.8,11.8,16.2,12.7,16.6,8.0,8.8,"68,780",308,"93,560",544
2007,"116,800",100,8.0,8.6,8.0,11.8,16.3,12.8,16.9,8.4,9.1,"71,210",326,"95,840",550
2006,"116,000",100,8.1,8.3,8.2,11.8,17.1,12.4,16.7,8.2,9.2,"70,080",495,"96,780",615
2005,"114,400",100,8.5,8.5,8.2,11.8,17.0,12.7,16.5,8.1,8.8,"69,310",381,"94,770",588
2004 9,"113,300",100,8.4,8.9,8.3,12.2,16.2,13.0,16.5,8.1,8.4,"68,250",496,"93,080",577
2003,"112,000",100,8.4,8.9,8.4,11.7,16.4,12.9,16.5,8.3,8.4,"68,350",488,"93,200",561
2002,"111,300",100,8.3,8.8,8.1,12.1,16.5,12.9,16.9,8.2,8.1,"68,310",368,"93,190",575
2001,"109,300",100,8.0,8.7,8.2,11.9,16.8,13.2,16.8,8.1,8.4,"68,870",346,"94,930",622
2000 10,"108,200",100,7.7,8.3,8.2,11.5,17.2,13.1,17.5,8.0,8.6,"70,020",362,"95,280",617
1999 11,"106,400",100,7.6,8.4,8.6,11.5,17.1,13.0,17.4,8.1,8.3,"70,210",539,"94,430",806
1998,"103,900",100,8.4,8.6,8.1,12.0,17.2,13.4,17.0,7.7,7.5,"68,470",666,"91,310",811
1997,"102,500",100,8.7,9.0,8.6,12.2,17.3,13.5,16.5,7.3,6.9,"66,050",502,"88,690",816
1996,"101,000",100,8.9,9.4,8.9,12.5,17.3,13.4,16.7,6.7,6.3,"64,710",537,"85,910",792
1995 12,"99,630",100,9.0,9.4,9.0,12.4,18.1,13.5,16.1,6.7,5.8,"63,770",606,"84,090",757
1994 13,"98,990",100,9.5,9.9,9.2,12.8,17.5,13.4,15.7,6.3,5.8,"61,800",463,"82,620",731
1993 14,"97,110",100,10.0,9.8,8.9,13.0,17.9,13.2,15.5,6.3,5.4,"61,150",470,"81,090",721
1992 15,"96,430",100,9.9,9.8,9.1,12.3,18.3,13.6,16.0,6.1,4.9,"61,450",478,"77,910",538
1991,"95,670",100,9.7,9.4,8.9,12.7,18.4,14.0,15.7,6.3,4.9,"61,960",491,"78,000",528
1990,"94,310",100,9.4,9.0,8.7,12.6,18.8,14.1,16.1,6.3,5.1,"63,830",536,"79,730",554
1989,"93,350",100,9.0,9.1,8.8,12.3,18.2,14.2,16.5,6.6,5.4,"64,610",585,"81,630",585
1988,"92,830",100,9.7,9.0,8.5,12.7,18.3,14.2,16.4,6.2,5.0,"63,530",510,"79,370",583
1987 16,"91,120",100,9.8,9.2,8.8,12.6,18.0,14.5,16.3,6.2,4.7,"63,060",490,"78,420",529
1986,"89,480",100,10.0,9.1,8.9,12.5,18.3,14.7,16.2,5.8,4.5,"62,280",531,"76,940",514
1985 17,"88,460",100,10.0,9.8,9.2,13.0,19.0,14.4,15.4,5.4,3.8,"60,050",535,"73,900",481
1984 18,"86,790",100,10.0,10.0,9.5,13.4,19.2,14.0,15.2,5.2,3.6,"58,930",441,"72,200",437
1983,"85,410",100,10.6,10.0,9.8,13.6,19.5,14.2,14.4,4.8,3.2,"57,210",428,"69,580",428
1982,"83,920",100,10.6,10.2,9.8,13.4,20.1,14.1,14.3,4.4,3.1,"57,570",427,"69,380",423
1981,"83,530",100,10.3,10.3,9.8,13.6,19.2,15.1,14.4,4.7,2.6,"57,730",498,"68,970",413
1980,"82,370",100,10.2,10.1,9.5,13.3,19.6,15.1,14.8,4.6,2.7,"58,720",496,"69,840",420
1979 19,"80,780",100,9.8,9.5,9.1,13.4,19.5,15.5,15.3,4.8,3.1,"60,610",472,"71,990",448
1978,"77,330",100,9.5,10.1,9.2,13.2,19.5,15.6,15.6,4.4,3.0,"60,720",404,"71,470",451
1977,"76,030",100,9.8,10.4,9.6,13.1,20.2,15.4,14.7,4.2,2.6,"58,450",361,"69,330",347
1976 20,"74,140",100,10.1,10.1,9.5,13.5,20.4,15.8,14.4,3.9,2.4,"58,160",354,"68,420",347
1975 21,"72,870",100,10.2,10.6,9.6,13.9,20.6,15.6,13.7,3.5,2.2,"57,180",383,"66,780",343
"1974 21, 22","71,160",100,9.7,9.9,9.3,13.3,21.5,15.6,14.3,4.0,2.4,"58,780",371,"68,740",354
1973,"69,860",100,9.9,9.9,8.8,12.5,21.1,15.8,15.1,4.2,2.7,"60,610",379,"70,100",351
1972 23,"68,250",100,10.6,9.6,8.9,13.2,21.4,15.8,14.0,4.0,2.5,"59,330",372,"69,060",352
1971 24,"66,680",100,11.4,9.3,9.5,13.6,22.3,15.9,12.7,3.4,1.9,"57,090",364,"65,660",343
1970,"64,780",100,11.6,9.0,9.0,13.4,23.1,15.8,12.8,3.4,2.0,"57,580",347,"65,940",347
1969,"63,400",100,11.5,8.8,8.8,13.5,23.3,16.0,13.0,3.2,1.9,"58,010",353,"65,990",341
1968,"62,210",100,11.8,9.1,8.8,14.3,24.8,15.3,11.6,2.7,1.6,"55,810",332,"63,140",332
1967 25,"60,810",100,13.0,9.4,8.9,15.6,24.6,14.3,10.1,2.6,1.7,"53,530",320,"59,860",320
WHITE ALONE,,,,,,,,,,,,,,,
2023,"101,900",100,6.3,6.2,6.8,10.0,15.6,12.3,17.8,10.1,14.9,"84,630","1,182","118,000","1,356"
2022,"101,400",100,7.1,6.9,7.2,10.2,15.8,12.5,17.4,9.7,13.3,"80,320",905,"113,600","1,263"
2021,"102,100",100,7.0,6.9,6.9,9.8,15.3,12.1,17.1,9.8,15.0,"83,160","1,021","118,500","1,325"
2020 3,"100,900",100,6.4,7.0,6.6,10.5,15.1,12.5,17.2,9.9,14.8,"83,800",862,"117,600","1,397"
2019,"100,600",100,6.2,6.5,6.2,10.3,15.6,12.2,17.8,9.9,15.4,"85,350",945,"120,300","1,410"
2018,"100,500",100,6.9,7.0,6.9,10.6,15.9,12.9,17.5,9.4,13.0,"80,300",775,"112,700","1,239"
2017 4,"100,100",100,7.0,7.2,7.3,10.9,15.6,12.4,17.1,9.2,13.3,"79,340","1,031","112,000","1,292"
2017,"100,100",100,7.0,7.3,7.5,11.0,15.1,12.5,17.2,9.6,12.9,"79,880",837,"109,700","1,212"
2016,"99,400",100,7.2,7.3,7.5,11.2,15.9,12.5,17.1,9.1,12.2,"77,030",684,"107,500","1,094"
2015,"99,310",100,6.9,7.8,8.5,11.2,15.4,12.6,17.2,9.4,11.1,"75,510",787,"103,300",971
2014,"98,680",100,7.9,8.2,8.5,11.3,15.9,12.8,16.1,8.7,10.5,"71,390",733,"99,030","1,080"
2013 5,"98,810",100,7.9,8.6,8.4,10.9,15.8,13.2,16.4,8.4,10.4,"72,250","1,083","99,090","1,588"
2013 6,"97,770",100,7.7,8.8,8.3,11.5,16.6,13.2,16.3,8.4,9.3,"70,350",890,"96,560","1,139"
2012,"97,710",100,7.5,8.8,8.8,11.9,16.4,13.0,16.4,8.2,9.0,"69,210",814,"95,900",984
2011,"96,960",100,7.7,8.4,8.8,12.3,16.7,12.9,15.9,8.2,9.1,"68,580",486,"95,640",912
2010 7,"96,310",100,7.7,8.7,8.6,11.6,16.7,12.6,16.8,8.2,9.2,"70,030",564,"95,360",902
2009 8,"95,490",100,7.1,8.1,8.8,11.6,16.7,13.2,16.9,8.3,9.4,"71,200",348,"96,850",614
2008,"95,300",100,7.1,8.4,8.5,11.6,16.2,13.1,17.4,8.4,9.4,"71,530",342,"97,340",616
2007,"95,110",100,6.6,8.3,7.8,11.6,16.4,13.0,17.6,8.9,9.8,"73,870",359,"99,690",625
2006,"94,710",100,6.8,7.8,7.9,11.7,17.1,12.7,17.5,8.6,9.8,"73,670",352,"100,500",689
2005,"93,590",100,7.1,8.1,8.0,11.7,17.1,12.9,17.2,8.6,9.3,"72,640",522,"98,680",672
2004 9,"92,880",100,7.0,8.6,8.0,12.0,16.3,13.2,17.2,8.6,9.0,"71,820",463,"96,840",656
2003,"91,960",100,7.0,8.5,8.2,11.7,16.5,13.2,17.2,8.7,9.0,"72,000",465,"97,180",641
2002,"91,650",100,7.1,8.4,7.9,11.9,16.4,13.3,17.7,8.6,8.7,"72,620",485,"96,920",649
WHITE,,,,,,,,,,,,,,,
2001,"90,680",100,6.8,8.4,8.0,11.6,16.8,13.4,17.5,8.6,9.0,"72,600",561,"98,690",698
2000 10,"90,030",100,6.6,8.0,7.9,11.3,17.1,13.3,18.2,8.4,9.1,"73,240",532,"98,810",697
1999 11,"88,890",100,6.3,7.9,8.4,11.4,17.1,13.3,18.2,8.5,8.7,"73,020",607,"97,860",911
1998,"87,210",100,6.9,8.2,7.8,11.8,17.4,13.8,17.8,8.1,8.1,"72,040",594,"95,450",924
1997,"86,110",100,7.4,8.6,8.4,12.0,17.4,13.8,17.2,7.7,7.5,"69,560",725,"92,640",928
1996,"85,060",100,7.5,8.9,8.6,12.4,17.4,13.9,17.5,7.0,6.9,"67,750",576,"89,320",870
1995 12,"84,510",100,7.5,8.9,8.8,12.3,18.2,13.9,16.8,7.2,6.3,"66,930",576,"87,440",834
1994 13,"83,740",100,7.9,9.4,8.9,12.7,17.9,13.8,16.5,6.7,6.3,"65,180",602,"86,260",826
1993 14,"82,390",100,8.3,9.1,8.7,12.9,18.2,13.8,16.4,6.7,5.9,"64,520",618,"84,730",805
1992 15,"81,800",100,8.1,9.3,8.9,12.2,18.7,14.1,17.0,6.5,5.3,"64,610",515,"81,430",597
1991,"81,680",100,7.9,9.0,8.7,12.7,18.7,14.5,16.6,6.7,5.3,"64,930",518,"81,290",582
1990,"80,970",100,7.8,8.4,8.6,12.6,19.1,14.5,17.0,6.6,5.6,"66,570",501,"82,940",610
1989,"80,160",100,7.3,8.6,8.6,12.1,18.6,14.7,17.4,7.0,5.8,"67,960",544,"85,030",647
1988,"79,730",100,8.0,8.3,8.3,12.6,18.7,14.8,17.3,6.6,5.4,"67,160",653,"82,760",641
1987 16,"78,520",100,8.1,8.6,8.5,12.4,18.4,15.1,17.3,6.5,5.0,"66,440",549,"81,770",581
1986,"77,280",100,8.4,8.6,8.5,12.4,18.6,15.3,17.1,6.2,4.8,"65,480",523,"80,150",564
1985 17,"76,580",100,8.5,9.3,8.9,12.8,19.4,15.0,16.1,5.9,4.2,"63,330",556,"76,940",531
1984 18,"75,330",100,8.5,9.3,9.1,13.3,19.7,14.7,16.0,5.5,3.9,"62,170",515,"75,180",480
1983,"74,380",100,8.9,9.3,9.6,13.6,20.1,14.8,15.2,5.1,3.6,"59,990",446,"72,460",464
1982,"73,180",100,9.1,9.6,9.4,13.4,20.5,14.7,15.2,4.8,3.4,"60,270",451,"72,240",465
1981,"72,850",100,8.8,9.6,9.5,13.5,19.7,15.7,15.2,5.1,2.9,"61,000",463,"71,860",448
1980,"71,870",100,8.7,9.4,9.2,13.3,20.0,15.8,15.7,5.0,2.9,"61,950",524,"72,660",458
1979 19,"70,770",100,8.5,8.8,8.7,13.2,19.9,16.2,16.2,5.2,3.3,"63,540",497,"74,830",491
1978,"68,030",100,8.3,9.5,8.9,13.0,19.7,16.3,16.4,4.7,3.3,"63,120",458,"74,110",491
1977,"66,930",100,8.6,9.8,9.2,12.8,20.6,16.1,15.6,4.5,2.8,"61,460",425,"72,040",383
1976 20,"65,350",100,8.9,9.3,9.1,13.4,20.7,16.4,15.3,4.1,2.6,"60,930",415,"71,050",377
1975 21,"64,390",100,9.0,9.9,9.3,13.7,21.0,16.3,14.6,3.8,2.4,"59,800",359,"69,240",375
"1974 21, 22","62,980",100,8.6,9.1,9.0,13.0,22.0,16.3,15.1,4.3,2.6,"61,480",380,"71,290",380
1973,"61,970",100,8.9,9.1,8.5,12.2,21.4,16.4,16.0,4.5,3.0,"63,530",398,"72,810",379
1972 23,"60,620",100,9.6,8.9,8.4,13.0,21.9,16.5,14.8,4.3,2.7,"62,250",393,"71,740",382
1971 24,"59,460",100,10.3,8.6,9.0,13.3,22.9,16.6,13.5,3.7,2.1,"59,710",374,"68,030",364
1970,"57,580",100,10.5,8.4,8.6,13.1,23.5,16.5,13.5,3.6,2.2,"59,980",380,"68,240",369
1969,"56,250",100,10.4,8.2,8.3,13.1,23.9,16.8,13.9,3.4,2.1,"60,540",364,"68,440",375
1968,"55,390",100,10.8,8.4,8.3,14.1,25.5,16.1,12.3,2.9,1.7,"58,110",356,"65,410",356
1967 25,"54,190",100,11.9,8.6,8.4,15.3,25.5,15.0,10.7,2.7,1.8,"55,820",333,"62,050",345
"WHITE ALONE, NOT HISPANIC",,,,,,,,,,,,,,,
2023,"84,440",100,5.9,6.0,6.5,9.4,15.0,12.2,18.1,10.5,16.3,"89,050","1,234","123,400","1,545"
2022,"84,490",100,6.6,6.7,6.9,9.7,15.3,12.3,17.8,10.3,14.5,"84,280",997,"118,500","1,470"
2021,"85,080",100,6.4,6.8,6.6,9.3,14.7,12.0,17.4,10.4,16.4,"87,340","1,210","124,000","1,554"
2020 3,"84,710",100,6.0,6.7,6.5,9.7,14.6,12.3,17.6,10.4,16.2,"88,200",994,"123,300","1,622"
2019,"84,870",100,5.8,6.3,5.8,9.7,15.1,12.0,18.1,10.4,16.8,"89,900","1,035","126,100","1,607"
2018,"84,730",100,6.4,6.6,6.5,10.0,15.4,12.9,18.0,10.0,14.2,"84,740",782,"117,900","1,403"
2017 4,"84,710",100,6.5,6.9,6.9,10.5,15.1,12.3,17.6,9.7,14.5,"83,450","1,357","117,200","1,421"
2017,"84,680",100,6.5,7.0,7.1,10.5,14.7,12.4,17.5,10.1,14.0,"83,390","1,284","114,400","1,331"
2016,"84,390",100,6.7,6.9,7.3,10.6,15.6,12.5,17.5,9.6,13.4,"80,990","1,045","111,800","1,247"
2015,"84,450",100,6.3,7.5,8.0,10.7,15.0,12.5,17.9,10.1,12.0,"79,080","1,120","107,500","1,097"
2014,"84,230",100,7.5,7.9,8.0,10.8,15.6,12.9,16.6,9.3,11.5,"75,640",760,"103,500","1,196"
2013 5,"84,430",100,7.4,8.0,7.9,10.1,15.7,13.5,17.0,9.1,11.3,"76,810","1,116","103,400","1,776"
2013 6,"83,640",100,7.1,8.4,7.7,11.1,16.2,13.4,16.9,9.0,10.2,"74,190","1,282","101,000","1,322"
2012,"83,790",100,6.8,8.4,8.3,11.4,16.0,13.3,17.1,8.8,9.9,"73,460",761,"100,300","1,092"
2011,"83,570",100,7.0,8.0,8.4,11.7,16.4,13.1,16.6,8.7,10.0,"72,780",709,"99,910","1,033"
2010 7,"83,310",100,7.0,8.3,8.1,11.0,16.4,12.8,17.5,8.7,10.0,"73,760",994,"99,310","1,025"
2009 8,"83,160",100,6.5,7.6,8.3,11.1,16.6,13.3,17.5,8.8,10.1,"74,770",630,"100,500",675
2008,"82,880",100,6.5,8.0,8.2,11.0,15.9,13.3,18.1,8.9,10.1,"75,930",506,"101,300",682
2007,"82,770",100,6.1,8.0,7.4,10.9,16.1,13.0,18.2,9.5,10.7,"77,850",576,"103,700",688
2006,"82,680",100,6.3,7.6,7.5,11.3,16.6,12.9,18.1,9.2,10.6,"76,210",450,"104,300",758
2005,"82,000",100,6.6,7.9,7.5,11.2,16.7,13.0,17.8,9.2,10.1,"75,980",423,"102,600",746
2004 9,"81,630",100,6.6,8.3,7.7,11.5,15.9,13.3,17.9,9.1,9.7,"75,290",567,"100,500",719
2003,"81,150",100,6.6,8.1,7.8,11.1,16.2,13.3,17.8,9.3,9.8,"75,390",600,"100,800",703
2002,"81,170",100,6.7,8.2,7.5,11.4,16.1,13.4,18.4,9.1,9.3,"75,550",488,"100,100",700
"WHITE, NOT HISPANIC",,,,,,,,,,,,,,,
2001,"80,820",100,6.5,8.1,7.6,11.2,16.5,13.5,18.0,9.0,9.6,"75,520",515,"101,800",759
2000 10,"80,530",100,6.3,7.8,7.5,11.0,16.7,13.3,18.7,8.9,9.8,"76,080",502,"101,800",752
1999 11,"79,820",100,6.0,7.6,8.1,11.0,16.8,13.4,18.8,9.0,9.3,"76,180",792,"101,100",985
1998,"78,580",100,6.4,7.8,7.5,11.4,17.2,14.0,18.5,8.6,8.6,"74,730",707,"98,510",991
1997,"77,940",100,6.7,8.2,8.2,11.6,17.3,14.0,17.9,8.1,8.0,"72,430",622,"95,610",N
1996,"77,240",100,6.9,8.5,8.2,12.0,17.3,14.2,18.2,7.4,7.3,"70,710",798,"92,030",N
1995 12,"76,930",100,6.8,8.5,8.5,12.0,18.2,14.2,17.5,7.6,6.8,"69,570",597,"90,300",890
1994 13,"77,000",100,7.3,9.0,8.6,12.5,17.8,14.1,17.0,7.0,6.6,"67,290",586,"88,460",863
1993 14,"75,700",100,7.8,8.7,8.4,12.6,18.1,14.2,16.9,7.0,6.2,"66,890",644,"86,960",853
1992 15,"75,110",100,7.6,8.9,8.6,11.9,18.6,14.3,17.6,6.8,5.6,"66,780",680,"83,500",634
1991,"75,630",100,7.5,8.6,8.5,12.5,18.6,14.7,17.1,7.0,5.5,"66,480",538,"83,040",609
1990,"75,040",100,7.4,8.0,8.3,12.4,19.0,14.7,17.5,6.8,5.8,"68,090",522,"84,780",631
1989,"74,500",100,6.9,8.4,8.4,11.9,18.5,14.9,17.7,7.3,6.1,"69,430",559,"86,730",699
1988,"74,070",100,7.5,8.0,8.1,12.4,18.7,15.0,17.8,6.9,5.6,"69,010",668,"84,450",653
1987 16,"73,120",100,7.7,8.3,8.2,12.2,18.4,15.3,17.8,6.8,5.2,"68,270",625,"83,370",637
1986,"72,070",100,8.1,8.3,8.3,12.2,18.6,15.5,17.5,6.4,5.1,"66,960",568,"81,740",617
1985 17,"71,540",100,8.1,8.9,8.6,12.7,19.3,15.2,16.6,6.1,4.4,"64,750",544,"78,430",586
1984 18,"70,590",100,8.1,9.1,9.0,13.2,19.7,14.9,16.4,5.7,4.0,"63,460",580,"76,490",562
1983,"69,650",100,8.6,8.9,9.5,13.3,20.1,15.0,15.6,5.2,3.7,"61,530",509,"74,370",523
1982,"69,210",100,8.8,9.3,9.2,13.2,20.5,14.9,15.5,5.0,3.5,"61,280",507,"73,300",516
1981,"69,000",100,8.6,9.3,9.3,13.4,19.6,15.9,15.5,5.3,3.0,"61,880",518,"72,760",498
1980,"68,110",100,8.5,9.2,9.0,13.1,20.0,16.1,16.0,5.2,3.0,"63,050",589,"73,610",545
1979 19,"67,200",100,8.4,8.7,8.6,13.0,19.8,16.4,16.5,5.3,3.4,"64,440",587,"75,700",545
1978,"64,840",100,8.1,9.3,8.7,12.8,19.7,16.4,16.7,4.8,3.4,"64,310",557,"74,990",530
1977,"63,720",100,8.5,9.6,9.0,12.6,20.6,16.3,15.9,4.6,2.9,"62,680",581,"72,930",567
1976 20,"62,370",100,8.7,9.1,8.9,13.2,20.7,16.6,15.7,4.3,2.7,"62,170",596,"71,960",528
1975 21,"61,530",100,8.8,9.8,9.1,13.6,21.0,16.5,14.9,3.9,2.5,"60,250",526,"70,090",558
"1974 21, 22","60,160",100,8.5,8.9,8.7,12.9,21.9,16.5,15.4,4.4,2.7,"62,000",501,"72,090",518
1973,"59,240",100,8.8,9.0,8.3,11.9,21.4,16.6,16.4,4.6,3.1,"64,080",493,"73,620",512
1972 23,"58,010",100,9.5,8.7,8.2,12.7,21.8,16.7,15.2,4.4,2.8,"63,130",493,"72,570",533
BLACK ALONE OR IN COMBINATION,,,,,,,,,,,,,,,
2023,"19,240",100,13.8,9.7,8.4,12.5,17.4,12.1,13.1,5.6,7.3,"56,880","1,365","81,160","2,352"
2022,"19,160",100,13.3,9.5,9.8,12.7,17.9,11.9,12.1,6.3,6.7,"55,620","1,605","80,220","2,098"
2021,"18,700",100,13.5,11.3,9.4,12.5,16.4,11.6,12.5,5.8,7.2,"54,660","1,863","80,100","2,104"
2020 3,"18,290",100,14.6,10.4,9.0,12.8,16.3,11.5,13.2,5.4,6.8,"54,700","1,474","80,620","2,155"
2019,"18,060",100,13.9,10.4,9.9,13.2,16.1,10.6,13.1,6.0,6.8,"54,460","1,357","80,290","2,269"
2018,"18,100",100,15.9,11.0,9.7,13.7,16.5,10.9,11.6,5.3,5.5,"50,010","1,099","71,210","1,600"
2017 4,"17,810",100,15.7,11.7,9.6,14.3,15.8,10.6,11.7,5.1,5.4,"48,930","1,383","71,440","1,596"
2017,"17,800",100,16.0,11.1,9.5,14.1,16.0,10.6,12.1,5.4,5.2,"49,680","1,009","72,180","1,608"
2016,"17,510",100,16.2,11.4,9.9,13.6,16.0,11.1,11.6,5.3,4.9,"49,890","1,194","72,380","1,917"
2015,"17,320",100,16.7,12.0,10.4,13.2,15.9,10.8,11.4,5.4,4.2,"46,750","1,128","68,850","1,792"
2014,"17,200",100,17.3,12.2,11.2,13.6,16.6,9.7,10.7,4.7,4.0,"44,760",975,"64,800","1,431"
2013 5,"16,720",100,17.1,11.7,11.5,13.6,16.7,10.1,10.5,4.8,4.0,"45,530","1,629","65,790","2,771"
2013 6,"16,860",100,17.3,13.3,10.5,14.2,16.4,9.8,10.7,4.4,3.5,"44,280","1,466","63,290","1,824"
2012,"16,560",100,18.0,12.8,11.5,13.1,16.4,10.0,10.6,4.3,3.2,"43,450","1,692","62,060","1,564"
2011,"16,170",100,19.0,13.0,11.1,13.4,15.4,10.4,10.0,4.4,3.3,"42,510","1,195","62,400","1,670"
2010 7,"15,910",100,18.9,12.2,11.0,13.4,16.6,10.0,10.5,4.2,3.2,"43,550","1,047","61,620","1,397"
2009 8,"15,210",100,16.6,12.6,11.1,14.3,15.9,10.6,11.6,3.9,3.4,"44,960",944,"63,540","1,165"
2008,"15,060",100,16.4,11.6,11.1,14.5,17.3,10.3,11.0,4.5,3.4,"46,960",987,"63,830","1,098"
2007,"14,980",100,16.7,11.6,9.6,14.1,16.4,11.3,11.9,4.7,3.6,"48,320","1,084","66,380","1,194"
2006,"14,710",100,16.7,11.6,10.5,13.7,17.1,10.8,11.1,4.7,3.7,"46,710",569,"66,140","1,334"
2005,"14,400",100,17.5,12.0,10.8,13.2,17.2,10.7,11.0,4.2,3.4,"46,310",726,"63,920","1,144"
2004 9,"14,150",100,17.3,11.6,10.6,14.4,16.5,10.9,11.5,4.1,3.1,"46,540",701,"62,740","1,096"
2003,"13,970",100,16.7,12.3,10.5,13.6,16.6,11.2,11.4,4.5,3.1,"46,850",968,"63,620","1,108"
2002,"13,780",100,16.6,12.3,10.2,14.1,17.3,10.3,11.3,4.4,3.4,"47,000","1,018","64,970","1,245"
BLACK ALONE,,,,,,,,,,,,,,,
2023,"18,040",100,13.9,9.8,8.5,12.6,17.1,12.1,13.2,5.5,7.3,"56,490","1,328","80,710","2,422"
2022,"18,080",100,13.4,9.7,9.8,12.6,17.8,11.5,12.2,6.4,6.6,"54,960","1,528","79,560","2,199"
2021,"17,700",100,13.6,11.5,9.3,12.4,16.3,11.7,12.3,5.7,7.1,"54,080","1,880","79,400","2,176"
2020 3,"17,320",100,14.9,10.5,9.1,12.9,16.4,11.4,12.8,5.3,6.6,"53,840","1,483","79,280","2,289"
2019,"17,050",100,14.2,10.5,9.9,13.3,16.1,10.6,13.2,5.8,6.5,"53,710","1,432","78,670","2,225"
2018,"17,170",100,16.3,11.0,9.5,13.8,16.5,10.8,11.5,5.2,5.3,"49,620","1,087","70,370","1,614"
2017 4,"17,020",100,16.0,11.9,9.6,14.4,15.8,10.5,11.6,5.1,5.3,"48,170","1,707","71,010","1,653"
2017,"17,000",100,16.3,11.2,9.5,14.0,16.1,10.5,11.8,5.3,5.2,"49,270","1,162","71,700","1,661"
2016,"16,730",100,16.6,11.5,9.9,13.6,15.8,11.1,11.5,5.2,4.7,"49,170","1,477","71,530","1,909"
2015,"16,540",100,16.8,12.1,10.5,13.2,15.8,10.7,11.4,5.3,4.1,"46,350","1,060","68,280","1,779"
2014,"16,440",100,17.4,12.4,11.2,13.7,16.7,9.5,10.6,4.6,4.0,"44,440",952,"64,310","1,427"
2013 5,"16,010",100,17.6,12.0,11.4,13.6,16.3,10.2,10.4,4.7,3.8,"44,970","1,795","64,240","2,482"
2013 6,"16,110",100,17.4,13.3,10.5,14.2,16.3,9.9,10.6,4.4,3.5,"44,050","1,525","63,190","1,854"
2012,"15,870",100,18.2,12.9,11.6,13.1,16.4,10.0,10.4,4.3,3.1,"42,940","1,675","61,520","1,596"
2011,"15,580",100,19.1,13.0,11.1,13.3,15.4,10.4,9.9,4.4,3.2,"42,330","1,100","62,070","1,735"
2010 7,"15,270",100,19.1,12.2,11.0,13.3,16.7,10.1,10.4,4.1,3.1,"43,510","1,112","60,890","1,395"
2009 8,"14,730",100,16.7,12.7,11.1,14.3,15.9,10.5,11.7,3.9,3.2,"44,730",890,"63,220","1,186"
2008,"14,600",100,16.5,11.6,11.2,14.4,17.3,10.2,10.9,4.5,3.3,"46,790",992,"63,630","1,120"
2007,"14,550",100,16.7,11.6,9.7,14.2,16.4,11.4,11.8,4.7,3.4,"48,080","1,108","66,100","1,213"
2006,"14,350",100,16.8,11.7,10.5,13.8,17.1,10.8,11.1,4.6,3.6,"46,480",576,"65,610","1,334"
2005,"14,000",100,17.6,12.0,10.7,13.2,17.3,10.7,11.0,4.1,3.4,"46,160",741,"63,510","1,135"
2004 9,"13,810",100,17.3,11.6,10.7,14.5,16.5,10.8,11.4,4.1,3.1,"46,330",793,"62,550","1,114"
2003,"13,630",100,16.9,12.2,10.5,13.6,16.7,11.1,11.4,4.5,3.1,"46,780","1,002","63,320","1,116"
2002,"13,470",100,16.7,12.3,10.2,14.2,17.3,10.3,11.3,4.4,3.3,"46,750","1,036","64,450","1,224"
BLACK,,,,,,,,,,,,,,,
2001,"13,320",100,16.3,11.4,10.2,14.3,17.0,11.6,11.8,4.5,2.8,"48,060",931,"64,010","1,111"
2000 10,"13,170",100,15.3,10.8,10.5,13.8,18.0,12.1,11.6,4.7,3.2,"49,470","1,078","65,340","1,089"
1999 11,"12,840",100,15.9,12.1,10.3,13.1,17.0,11.0,11.7,5.2,3.8,"48,150","1,476","66,350","1,567"
1998,"12,580",100,18.5,12.0,10.6,13.9,16.5,10.7,11.1,4.1,2.7,"44,640","1,150","60,110","1,321"
1997,"12,470",100,18.0,12.2,10.8,14.2,17.0,11.2,10.9,3.6,2.1,"44,710","1,265","58,840","1,389"
1996,"12,110",100,18.3,13.3,11.3,13.7,16.7,10.1,10.9,3.6,2.0,"42,810","1,386","59,180","1,901"
1995 12,"11,580",100,19.2,13.1,10.7,13.9,17.1,10.9,10.3,3.1,1.7,"41,900","1,176","56,890","1,601"
1994 13,"11,660",100,20.6,13.2,11.7,13.7,14.6,10.6,10.0,3.4,2.2,"40,280","1,232","56,050","1,323"
1993 14,"11,280",100,21.8,14.8,10.3,14.2,15.9,9.4,8.7,3.1,1.8,"38,230","1,243","53,300","1,455"
1992 15,"11,270",100,23.3,13.8,10.6,13.1,16.4,9.9,8.8,2.8,1.5,"37,620","1,264","51,050","1,138"
1991,"11,080",100,22.8,13.4,10.8,12.9,16.5,10.5,9.0,2.7,1.4,"38,680","1,336","51,510","1,106"
1990,"10,670",100,22.0,13.5,10.3,13.2,16.6,10.4,9.2,3.3,1.4,"39,810","1,494","52,890","1,175"
1989,"10,490",100,21.5,12.9,10.6,13.9,16.1,10.8,9.7,3.0,1.5,"40,420","1,353","53,630","1,199"
1988,"10,560",100,22.4,14.0,10.4,13.7,15.4,9.7,10.1,2.5,1.7,"38,280","1,313","52,450","1,259"
1987 16,"10,190",100,22.8,13.7,11.0,14.1,15.7,9.9,8.4,2.9,1.5,"37,920","1,194","51,200","1,158"
1986,"9,922",100,22.6,13.5,11.2,13.3,15.9,10.8,8.9,2.7,1.2,"37,720","1,218","50,610","1,132"
1985 17,"9,797",100,21.9,14.2,11.3,15.2,15.8,10.0,8.6,2.0,1.0,"37,680","1,205","49,160","1,050"
1984 18,"9,480",100,22.1,15.5,12.7,14.4,15.5,8.7,8.2,2.2,0.7,"35,420","1,120","47,230",956
1983,"9,236",100,23.7,15.7,11.5,14.7,15.2,9.4,7.6,1.9,0.4,"34,040","1,050","45,280",919
1982,"8,916",100,23.2,15.1,13.0,13.8,17.1,9.4,6.6,1.3,0.6,"34,160",901,"44,940",925
1981,"8,961",100,22.7,16.3,12.0,14.5,15.4,9.8,7.5,1.6,0.3,"34,230",946,"44,960",896
1980,"8,847",100,21.9,15.8,12.6,13.9,16.7,9.4,7.8,1.6,0.5,"35,690","1,107","46,320",938
1979 19,"8,586",100,20.5,15.1,12.2,15.0,16.3,10.3,8.2,1.8,0.5,"37,310","1,120","47,870",969
1978,"8,066",100,20.1,15.6,11.5,14.4,17.7,9.6,8.9,1.7,0.5,"37,930","1,320","48,480","1,041"
1977,"7,977",100,19.9,15.8,13.2,15.5,16.4,10.2,7.1,1.4,0.5,"36,270",800,"46,470",680
1976 20,"7,776",100,19.6,16.5,13.1,14.1,17.9,10.4,6.8,1.3,0.4,"36,230",739,"46,290",679
1975 21,"7,489",100,20.5,17.1,11.7,15.4,17.6,10.0,6.2,1.1,0.4,"35,900",869,"44,810",654
"1974 21, 22","7,263",100,19.5,16.0,12.7,16.3,18.0,9.1,7.0,1.1,0.3,"36,560",725,"45,470",665
1973,"7,040",100,18.8,16.3,12.4,15.3,18.2,10.5,6.5,1.3,0.7,"37,390",958,"46,430",759
1972 23,"6,809",100,20.0,15.7,13.4,15.7,16.8,10.1,6.5,1.2,0.6,"36,330",896,"45,900",805
1971 24,"6,578",100,21.1,15.4,13.5,16.3,17.6,9.0,6.0,0.8,0.3,"35,270",863,"43,710",739
1970,"6,180",100,21.3,14.6,12.9,15.9,18.6,9.1,6.3,1.0,0.3,"36,510",824,"44,580",792
1969,"6,053",100,21.2,14.5,13.5,17.2,17.9,9.2,5.5,0.7,0.2,"36,590",887,"43,560",762
1968,"5,870",100,21.5,15.8,14.1,16.3,18.1,8.3,5.0,0.7,0.2,"34,270",818,"41,730",723
1967 25,"5,728",100,23.5,16.7,13.1,18.2,16.0,7.2,3.7,1.0,0.5,"32,410",888,"38,940",715
ASIAN ALONE OR IN COMBINATION,,,,,,,,,,,,,,,
2023,"8,278",100,5.7,4.6,4.6,7.6,11.6,10.2,17.5,11.7,26.5,"112,200","3,788","157,800","5,052"
2022,"8,160",100,6.9,4.7,4.4,6.6,11.9,9.8,19.1,12.1,24.4,"113,700","3,933","153,500","4,943"
2021,"7,852",100,7.2,4.7,5.4,5.8,12.2,10.1,17.3,11.5,25.7,"113,200","3,033","154,300","5,450"
2020 3,"7,555",100,6.0,5.2,4.1,7.3,12.9,10.2,16.6,11.8,25.9,"111,100","4,160","154,600","4,949"
2019,"7,334",100,5.4,4.1,4.7,6.6,12.2,11.0,18.2,12.9,24.8,"114,800","3,246","155,600","5,134"
2018,"7,416",100,7.2,5.0,5.2,7.7,12.3,11.1,17.9,11.8,21.8,"104,100","2,916","142,600","4,233"
2017 4,"7,124",100,7.4,4.8,5.1,7.9,13.4,12.1,16.7,11.9,20.6,"99,130","2,216","139,400","5,131"
2017,"7,114",100,7.8,4.9,5.2,7.5,13.2,12.4,16.5,11.5,21.1,"99,080","2,319","139,200","4,845"
2016,"6,750",100,7.4,5.0,5.4,7.9,12.3,12.2,17.9,12.0,19.9,"100,600","2,317","133,100","3,630"
2015,"6,640",100,8.1,5.1,5.3,7.7,13.5,11.7,17.6,11.5,19.4,"96,430","2,891","132,100","4,544"
2014,"6,333",100,7.9,5.1,6.2,8.8,12.3,12.3,18.0,12.9,16.4,"93,940","4,091","123,200","3,979"
2013 5,"6,160",100,7.9,6.3,4.9,8.2,13.8,12.2,18.8,10.8,17.1,"92,270","6,685","128,700","8,847"
2013 6,"6,111",100,8.8,5.4,6.6,8.3,14.7,13.6,17.2,10.5,15.0,"85,770","3,816","116,300","4,744"
2012,"5,872",100,8.0,5.3,6.4,8.6,14.6,13.4,17.4,11.1,15.2,"87,860","3,682","118,200","4,015"
2011,"5,705",100,8.2,6.1,6.9,9.6,13.7,13.0,18.7,11.0,12.8,"85,370","3,379","112,700","4,436"
2010 7,"5,550",100,8.0,5.7,7.7,8.3,14.4,12.5,17.1,11.1,15.1,"86,030","3,264","113,400","3,582"
2009 8,"4,940",100,8.7,5.9,6.2,9.1,13.2,12.0,18.1,10.7,16.1,"89,340","3,241","123,700","3,997"
2008,"4,805",100,8.1,6.0,7.0,8.7,13.9,10.9,17.9,12.3,15.3,"89,650","3,178","118,000","3,345"
2007,"4,715",100,7.5,5.7,5.7,8.4,13.5,12.3,20.1,11.3,15.6,"93,380","3,232","119,900","3,372"
2006,"4,664",100,6.8,5.4,5.5,8.5,15.3,11.4,18.9,11.5,16.7,"92,900","3,867","127,300","4,381"
2005,"4,500",100,8.1,5.7,5.5,7.8,14.4,12.9,18.9,11.3,15.3,"91,330","1,794","119,700","3,436"
2004 9,"4,346",100,7.5,5.9,5.7,8.8,14.1,13.8,18.7,11.1,14.5,"88,440","2,932","117,200","3,639"
2003,"4,235",100,10.2,6.4,6.4,6.8,14.1,12.4,19.0,11.2,13.6,"87,200","3,198","109,500","3,099"
2002,"4,079",100,7.6,5.8,6.5,9.9,14.8,13.6,17.6,11.2,13.0,"84,220","2,096","111,900","3,500"
ASIAN ALONE,,,,,,,,,,,,,,,
2023,"7,655",100,5.8,4.6,4.7,7.5,11.4,10.0,17.3,11.7,26.9,"112,800","4,187","158,200","5,301"
2022,"7,609",100,7.3,4.6,4.4,6.5,11.8,9.8,18.8,12.2,24.6,"113,100","4,040","153,500","5,145"
2021,"7,276",100,7.3,4.8,5.6,5.7,12.1,9.9,17.1,11.3,26.3,"113,600","3,211","155,600","5,760"
2020 3,"7,002",100,6.0,5.3,4.2,7.3,13.0,9.9,16.4,12.0,25.8,"111,300","4,451","153,700","4,806"
2019,"6,853",100,5.6,4.1,4.7,6.8,12.0,10.3,18.4,12.8,25.3,"116,000","3,627","157,300","5,248"
2018,"6,981",100,7.3,5.0,5.0,7.8,12.2,10.9,17.9,11.9,22.0,"104,600","3,365","143,700","4,462"
2017 4,"6,750",100,7.4,4.9,4.9,7.7,13.5,12.0,16.9,12.0,20.7,"99,600","2,176","140,000","5,300"
2017,"6,735",100,7.8,5.0,5.0,7.3,13.1,12.4,16.6,11.5,21.3,"99,530","2,402","139,600","4,944"
2016,"6,392",100,7.4,4.8,5.3,8.0,12.1,12.2,17.9,12.1,20.3,"101,400","2,386","134,500","3,728"
2015,"6,328",100,8.0,4.9,5.3,7.7,13.3,11.8,17.9,11.4,19.6,"96,940","3,507","132,400","4,602"
2014,"6,040",100,8.2,5.2,6.2,8.7,12.3,12.3,17.6,12.9,16.5,"93,270","4,351","122,500","3,965"
2013 5,"5,818",100,8.1,6.2,4.9,7.9,13.9,12.5,18.4,10.8,17.4,"92,160","7,041","128,900","9,354"
2013 6,"5,759",100,8.9,5.5,6.7,8.4,14.5,13.7,16.7,10.8,14.8,"85,390","3,602","115,500","4,830"
2012,"5,560",100,8.1,5.4,6.4,8.5,14.4,13.4,17.7,11.1,15.2,"88,450","4,006","117,800","3,892"
2011,"5,374",100,8.2,6.0,7.0,9.7,13.6,13.1,18.8,11.1,12.6,"85,550","3,386","112,500","4,479"
2010 7,"5,212",100,8.2,5.6,7.6,8.3,14.0,12.4,17.1,11.3,15.5,"87,030","3,509","114,600","3,778"
2009 8,"4,687",100,8.6,5.9,6.2,9.1,12.9,12.2,18.0,10.9,16.2,"89,880","2,861","124,700","4,167"
2008,"4,573",100,8.2,6.1,7.0,8.5,13.9,10.9,17.7,12.3,15.4,"89,750","3,118","117,800","3,381"
2007,"4,494",100,7.4,5.8,5.6,8.4,13.4,12.2,20.1,11.4,15.7,"93,700","3,230","120,500","3,498"
2006,"4,454",100,6.8,5.6,5.6,8.5,14.9,11.4,18.8,11.3,17.1,"93,390","4,003","128,400","4,544"
2005,"4,273",100,8.2,5.8,5.4,7.8,14.2,13.1,18.7,11.3,15.4,"91,400","1,752","119,800","3,477"
2004 9,"4,123",100,7.4,5.9,5.8,8.7,13.9,13.8,18.6,11.1,14.8,"88,520","3,094","117,800","3,748"
2003,"4,040",100,10.3,6.4,6.3,6.5,14.1,12.4,18.9,11.2,13.9,"87,890","2,840","110,400","3,216"
2002,"3,917",100,7.4,5.8,6.5,10.1,14.5,13.6,17.5,11.2,13.3,"84,770","2,440","112,800","3,620"
ASIAN AND PACIFIC ISLANDER,,,,,,,,,,,,,,,
2001,"4,071",100,7.6,5.7,6.3,9.4,14.5,13.4,18.0,10.8,14.2,"87,470","3,434","119,300","4,633"
2000 10,"3,963",100,6.4,5.5,5.4,8.8,15.0,11.7,21.4,10.0,15.7,"92,980","2,609","121,400","4,145"
1999 11,"3,742",100,7.6,5.8,5.9,8.0,17.0,11.9,18.5,9.8,15.6,"87,910","5,097","116,300","4,847"
1998,"3,308",100,8.1,5.7,5.9,9.7,16.3,13.0,19.3,11.4,10.5,"82,120","3,760","106,000","5,037"
1997,"3,125",100,8.1,7.4,5.4,9.4,16.2,13.5,18.6,11.4,10.0,"80,760","3,694","105,100","5,358"
1996,"2,998",100,9.1,6.8,6.2,9.3,17.1,12.4,19.2,10.4,9.5,"78,900","4,652","103,100","6,082"
1995 12,"2,777",100,8.7,7.8,7.3,8.1,17.8,13.9,19.2,7.9,9.4,"76,000","3,137","103,300","6,858"
1994 13,"2,040",100,8.6,7.3,7.1,9.5,15.9,14.3,19.0,8.4,9.8,"77,540","4,834","100,700","5,902"
1993 14,"2,233",100,10.2,7.9,7.0,10.8,14.6,11.8,19.8,9.8,8.2,"75,060","6,073","98,350","6,514"
1992 15,"2,262",100,8.4,7.4,7.3,9.8,16.6,15.3,18.3,8.8,8.2,"75,820","3,600","93,980","4,250"
1991,"2,094",100,8.4,7.1,6.2,11.8,16.5,13.4,18.6,9.3,8.7,"74,970","3,979","95,190","4,615"
1990,"1,958",100,7.1,6.8,6.9,8.5,15.9,16.0,19.4,10.2,9.1,"81,960","3,994","98,930","4,607"
1989,"1,988",100,5.7,7.7,6.1,9.8,17.1,14.0,20.8,9.5,9.2,"80,700","3,589","100,300","4,802"
1988,"1,913",100,7.3,7.5,8.0,9.4,17.7,13.8,17.9,10.0,8.5,"75,290","5,090","94,130","4,625"
1987 16,N,100,9.1,8.0,8.2,9.9,13.1,15.0,18.0,10.8,8.0,"77,980","4,768",N,N
AMERICAN INDIAN AND ALASKA NATIVE ALONE OR IN COMBINATION,,,,,,,,,,,,,,,
2023,"2,597",100,10.3,9.4,9.1,10.6,20.1,11.8,14.2,6.1,8.4,"61,060","3,062","90,790","7,693"
2022,"2,464",100,11.3,9.9,7.7,14.1,17.4,13.3,14.6,5.4,6.1,"60,360","4,093","79,420","4,444"
2021,"2,475",100,14.7,9.1,9.0,11.4,17.4,10.7,14.7,5.7,7.3,"57,430","1,576","81,940","5,447"
2020 3,"2,333",100,9.2,11.5,8.6,12.1,16.3,14.8,13.5,6.7,7.4,"63,330","4,260","86,820","5,542"
2019,"2,350",100,11.2,9.3,8.1,13.8,16.3,11.4,16.5,6.1,7.3,"60,290","2,389","82,230","4,606"
2018,"2,481",100,12.9,11.3,8.3,13.2,17.6,12.4,12.5,6.7,5.2,"56,700","4,219","76,550","4,059"
2017 4,"2,514",100,13.4,10.3,9.6,13.7,16.9,11.2,13.3,4.4,7.1,"54,550","5,245","78,060","4,325"
2017,"2,510",100,13.2,11.4,8.3,13.3,16.4,12.4,13.7,5.4,5.9,"55,080","4,808","77,330","4,084"
2016,"2,443",100,13.2,10.3,9.8,13.9,18.5,10.1,11.8,5.5,6.9,"52,980","3,188","80,420","5,459"
2015,"2,436",100,14.2,10.6,9.4,13.7,16.6,11.9,12.2,6.6,4.9,"53,730","4,446","74,280","4,483"
2014,"2,247",100,13.8,11.2,11.1,11.7,17.6,11.9,11.8,6.4,4.5,"52,560","2,890","71,590","3,103"
2013 5,"2,041",100,15.7,13.2,9.2,11.7,13.1,13.9,12.1,4.8,6.2,"50,640","7,129","79,030","12,910"
2013 6,"2,119",100,13.5,12.4,10.7,15.6,16.9,12.4,11.2,3.9,3.6,"47,690","3,100","64,690","4,170"
2012,"2,233",100,15.3,12.3,11.4,13.6,17.8,10.3,11.2,4.5,3.6,"47,250","2,301","64,590","3,323"
2011,"2,162",100,13.4,11.6,11.9,15.0,17.6,11.0,10.7,4.4,4.3,"48,220","3,054","67,400","3,315"
2010 7,"2,040",100,15.1,12.2,9.7,12.8,17.2,10.6,12.3,6.9,3.3,"50,320","4,971","67,620","3,706"
2009 8,"1,820",100,13.6,10.9,11.2,14.1,15.6,12.8,12.2,5.5,4.2,"50,960","2,922","72,230","3,652"
2008,"1,932",100,12.6,9.4,10.6,14.2,16.8,13.2,13.2,5.7,4.3,"54,230","3,235","73,740","4,357"
2007,"1,919",100,13.6,10.6,8.8,13.6,17.7,12.2,14.1,5.3,4.1,"54,240","2,779","72,400","3,418"
2006,"1,848",100,12.6,11.4,10.6,12.7,19.2,10.0,12.3,6.2,5.0,"52,810","2,750","72,770","3,606"
2005,"1,873",100,14.4,9.7,9.6,13.3,16.4,12.9,13.2,5.6,4.8,"54,180","2,987","73,410","3,250"
2004 9,"1,894",100,11.4,9.8,10.3,13.9,17.1,12.1,14.8,5.2,5.5,"55,340","3,366","78,590","5,407"
2003,"1,752",100,10.9,11.8,10.0,12.6,15.9,12.6,15.0,6.1,5.1,"56,930",N,"76,090",N
2002,"1,651",100,12.1,10.7,9.0,14.2,20.4,11.6,12.2,5.7,4.1,"54,810",N,"73,760",N
AMERICAN INDIAN AND ALASKA NATIVE ALONE,,,,,,,,,,,,,,,
2023,"1,414",100,11.5,8.7,9.1,12.3,19.6,11.7,14.3,6.5,6.2,"57,270","3,882","82,660","7,497"
2022,"1,371",100,11.8,10.4,9.1,15.0,17.5,12.1,12.3,5.5,6.2,"54,910","5,170","78,210","6,280"
2021,"1,430",100,13.9,9.8,9.6,11.3,17.9,11.2,13.1,5.8,7.4,"57,220","2,836","81,860","8,653"
2020 3,"1,377",100,10.0,13.4,8.4,13.7,16.8,13.3,11.4,5.5,7.4,"57,170","5,258","81,330","6,813"
2019,"1,329",100,13.4,8.2,8.0,14.2,17.1,11.6,16.2,5.2,6.1,"58,380","4,573","78,060","5,412"
2018,"1,331",100,13.9,11.8,8.3,14.2,18.5,10.5,12.3,6.1,4.5,"52,510","5,615","73,880","5,492"
2017 4,"1,327",100,16.1,10.9,10.1,14.3,16.3,10.3,11.1,4.1,6.8,"47,000","5,945","73,980","6,431"
2017,"1,326",100,15.9,12.8,7.1,14.0,15.4,12.1,11.1,5.9,5.7,"50,440","5,134","75,720","6,754"
2016,"1,314",100,14.1,10.5,9.5,14.3,19.1,9.4,11.6,5.3,6.2,"51,900","2,931","78,870","8,545"
2015,"1,417",100,15.7,9.9,10.0,14.3,15.7,12.9,10.8,5.8,5.0,"50,160","5,293","70,330","4,476"
2014,"1,264",100,14.2,10.4,11.4,12.2,16.7,12.8,12.4,5.7,4.2,"52,100","3,542","70,840","3,996"
2013 5,"1,045",100,17.3,14.2,9.4,13.9,11.1,15.0,11.0,4.3,3.8,"43,750","8,276","62,950","7,461"
2013 6,"1,108",100,14.0,14.7,10.5,16.4,18.2,10.9,10.3,2.1,2.9,"45,290","3,478","59,020","4,342"
2012,"1,196",100,19.0,12.0,10.9,13.6,18.1,10.0,9.6,3.9,2.9,"44,310","3,896","60,900","5,221"
2011,"1,108",100,15.1,13.2,12.5,15.0,17.1,10.2,9.2,3.9,3.8,"42,850","3,967","61,690","4,661"
2010 7,"1,036",100,16.8,14.1,9.4,13.6,14.7,11.4,11.6,5.6,2.7,"43,360","5,096","61,630","5,160"
2009 8,907,100,15.2,12.3,10.7,15.1,14.3,13.2,12.0,4.1,3.1,"47,360","2,550","65,830","4,857"
2008,977,100,14.4,10.8,11.7,15.3,14.9,12.1,13.5,4.1,3.2,"48,220","3,843","68,650","7,221"
2007,943,100,16.5,9.0,9.8,14.9,19.8,11.9,11.4,3.8,2.9,"50,530","3,957","64,820","4,814"
2006,888,100,15.4,12.9,11.3,13.6,19.7,8.9,9.8,3.9,4.5,"46,870","3,173","64,760","5,128"
2005,817,100,16.5,11.1,8.9,12.6,17.2,12.5,11.3,6.0,4.0,"50,730","4,790","68,310","4,652"
2004 9,824,100,14.7,10.3,12.0,14.4,17.6,9.0,12.8,5.1,4.1,"48,770","3,443","68,470","6,302"
2003,754,100,15.0,11.4,10.9,11.6,15.0,10.4,12.6,7.1,5.8,"50,890",N,"73,230",N
2002,764,100,13.0,10.1,8.2,16.4,21.4,9.9,13.2,5.3,2.5,"52,720",N,"65,850",N
AMERICAN INDIAN AND ALASKA NATIVE,,,,,,,,,,,,,,,
2001,"1,229",100,13.1,9.7,10.1,15.3,18.2,11.2,12.2,5.9,4.2,"52,320",N,"71,910",N
2000 10,"1,041",100,14.0,10.7,10.7,11.9,18.7,12.7,13.4,5.0,2.9,"52,240",N,"69,170",N
1999 11,961,100,15.6,12.6,9.9,10.7,17.3,13.9,11.2,5.1,3.6,"52,070",N,"66,980",N
1998,775,100,11.8,11.3,7.2,14.5,18.7,14.9,13.7,4.7,3.3,"55,520",N,"68,800",N
1997,823,100,12.1,14.0,9.5,14.8,17.7,12.1,12.0,4.9,3.0,"50,480",N,"66,160",N
1996,851,100,18.3,13.1,10.0,17.3,11.6,10.3,13.5,3.1,2.9,"43,260",N,"64,820",N
1995 12,763,100,16.2,14.4,12.6,15.0,16.5,9.4,11.7,3.4,0.8,"40,530",N,"55,390",N
1994 13,547,100,15.6,10.1,10.7,13.5,18.6,14.1,10.9,4.6,1.8,"50,320",N,"62,510",N
1993 14,614,100,15.0,11.4,12.2,14.7,20.3,12.4,7.4,4.9,1.8,"47,550",N,"58,360",N
1992 15,752,100,16.8,11.5,11.2,15.4,18.2,10.1,12.4,2.4,2.1,"45,430",N,"57,360",N
1991,608,100,14.0,11.2,12.4,13.2,18.7,11.8,14.7,2.8,1.2,"49,390",N,"59,710",N
1990,530,100,15.3,12.4,10.1,12.8,21.7,12.6,7.9,5.3,1.9,"48,990",N,"60,150",N
1989,511,100,17.9,18.8,9.2,13.6,16.3,10.7,9.7,2.7,1.0,"38,760",N,"52,690",N
1988,469,100,14.9,17.1,12.5,17.2,13.7,12.2,8.9,3.3,0.2,"38,500",N,"51,690",N
1987 16,469,100,18.5,14.0,11.6,15.7,15.8,12.1,8.4,2.6,1.4,"41,430",N,"52,940",N
TWO OR MORE RACES,,,,,,,,,,,,,,,
2023,"2,778",100,9.1,8.6,6.8,10.2,18.8,12.0,14.8,7.3,12.5,"68,860","4,280","107,500","8,703"
2022,"2,482",100,8.9,7.5,6.3,12.3,17.4,14.6,14.9,7.4,10.7,"72,230","4,236","101,800","7,438"
2021,"2,330",100,10.8,6.5,7.8,10.2,16.2,10.9,17.5,9.6,10.5,"71,650","5,620","101,300","5,906"
2020 3,"2,242",100,8.5,7.3,7.0,9.5,13.5,14.7,18.5,7.5,13.4,"81,340","3,770","118,600","8,962"
2019,"2,269",100,7.0,8.3,9.1,11.0,15.8,12.4,14.3,9.6,12.4,"72,770","3,852","104,300","6,538"
2018,"2,207",100,9.2,9.3,9.0,11.0,16.5,13.6,14.2,7.8,9.2,"66,660","4,287","94,110","6,580"
2017 4,"2,086",100,9.9,8.0,9.2,12.8,17.2,12.4,14.7,6.0,9.9,"65,230","4,704","92,060","5,264"
2017,"2,094",100,9.3,7.7,9.1,13.3,16.8,12.4,16.3,6.3,8.9,"66,010","5,503","92,110","5,235"
2016,"2,015",100,9.3,9.6,8.9,11.6,18.7,12.0,13.5,7.4,8.9,"64,060","3,038","91,340","5,783"
2015,"1,870",100,12.4,9.8,8.5,11.4,18.2,11.4,12.7,8.1,7.5,"62,320","3,604","88,930","7,689"
2014,"1,793",100,11.7,9.5,10.5,11.3,16.8,12.3,13.8,7.4,6.8,"58,510","3,190","84,670","5,601"
2013 5,"1,843",100,9.3,9.2,10.1,11.3,18.2,10.4,16.0,6.7,8.8,"61,680","7,223","105,100","19,740"
2013 6,"1,860",100,12.1,9.3,9.7,13.5,16.0,12.0,14.5,6.0,6.9,"58,500","3,317","81,900","5,637"
2012,"1,776",100,11.7,10.5,10.3,12.1,17.4,11.0,14.0,6.2,6.8,"57,100","2,961","80,150","5,254"
2011,"1,764",100,11.7,9.5,10.4,13.9,16.6,11.3,13.6,6.1,7.0,"57,500","5,209","81,130","4,667"
2010 7,"1,810",100,12.6,9.7,9.2,12.4,18.6,10.4,13.9,7.3,6.0,"56,640","2,524","80,640","5,039"
2009 8,"1,484",100,12.2,8.8,10.4,12.6,16.6,11.9,13.3,6.6,7.5,"57,850","2,598","83,020","4,229"
2008,"1,465",100,10.6,8.2,8.8,12.9,17.5,13.2,14.3,7.6,6.8,"61,230","4,329","84,940","5,315"
2007,"1,457",100,10.8,10.7,7.5,12.0,16.2,12.3,16.0,6.7,7.7,"60,750","4,882","83,610","3,826"
2006,"1,393",100,9.3,8.7,8.6,11.6,19.0,11.8,15.4,9.0,6.6,"64,760","4,632","86,420","5,405"
2005,"1,506",100,11.1,7.9,10.1,13.0,16.5,12.6,15.3,6.6,6.9,"62,300","3,963","85,490","5,478"
2004 9,"1,517",100,9.3,8.9,8.1,12.6,17.8,14.1,16.3,6.4,6.5,"64,130","2,618","87,030","6,319"
2003,"1,407",100,7.6,10.8,9.4,13.2,16.0,14.4,16.7,6.4,5.4,"64,380",N,"82,010",N
2002,"1,243",100,10.8,10.1,8.7,12.2,19.7,13.0,12.9,6.8,5.8,"58,960",N,"84,670",N
HISPANIC (ANY RACE),,,,,,,,,,,,,,,
2023,"19,860",100,8.5,7.5,8.3,12.7,18.5,12.5,15.7,7.8,8.3,"65,540","1,259","91,380","2,035"
2022,"19,320",100,9.6,7.8,8.4,12.6,18.0,13.6,15.3,7.1,7.4,"65,300","1,659","88,590","1,869"
2021,"19,230",100,10.0,7.4,8.7,12.3,18.0,12.2,15.7,7.1,8.4,"64,930","1,775","90,570","1,851"
2020 3,"18,340",100,8.8,8.5,7.7,14.2,17.2,13.8,15.2,6.9,7.7,"64,840","1,356","88,080","1,645"
2019,"17,670",100,8.7,7.5,8.2,13.5,18.2,13.1,15.6,7.3,8.0,"66,330","1,386","88,720","1,916"
2018,"17,760",100,9.4,9.1,8.9,13.9,18.2,13.3,14.3,6.3,6.6,"61,720",882,"85,100","1,942"
2017 4,"17,340",100,10.0,8.7,9.2,13.6,18.2,12.8,14.6,6.5,6.4,"61,390",928,"82,800","1,850"
2017,"17,320",100,9.9,8.7,9.2,13.7,17.6,12.5,15.4,6.6,6.4,"61,780",882,"83,600","1,739"
2016,"16,920",100,10.0,9.5,8.9,14.3,18.1,12.7,14.4,6.3,5.9,"59,370","1,385","83,200","1,655"
2015,"16,670",100,10.3,9.2,11.1,14.1,17.6,12.9,12.9,6.0,5.8,"56,720","1,271","79,910","1,730"
2014,"16,240",100,10.8,10.3,11.5,14.0,18.3,12.5,13.3,5.1,4.3,"53,340","1,066","72,230","1,355"
2013 5,"16,090",100,11.1,11.7,11.8,15.3,16.4,11.3,12.4,4.7,5.2,"50,530","2,488","73,360","3,565"
2013 6,"15,810",100,11.5,11.1,11.2,14.5,18.6,11.9,12.4,4.9,3.9,"52,150","1,156","69,570","1,544"
2012,"15,590",100,12.2,11.2,11.7,14.8,18.4,11.2,12.1,4.4,3.9,"50,260","1,132","68,840","1,480"
2011,"14,940",100,12.0,10.8,11.6,15.5,18.6,11.4,11.5,4.8,3.8,"50,730","1,182","68,770","1,283"
2010 7,"14,440",100,12.2,10.8,11.3,14.8,18.0,11.4,12.7,4.9,3.8,"50,960","1,297","69,600","1,470"
2009 8,"13,300",100,10.9,11.0,11.5,15.0,17.7,12.1,12.4,5.1,4.2,"52,220","1,134","71,700","1,294"
2008,"13,430",100,11.0,11.1,11.0,15.7,17.7,12.1,12.5,4.7,4.2,"51,840","1,093","70,520","1,201"
2007,"13,340",100,10.3,9.9,10.4,16.1,18.2,13.0,13.4,4.8,3.9,"54,830","1,213","72,050","1,248"
2006,"12,970",100,10.3,9.9,11.1,14.0,20.7,11.5,13.2,5.1,4.3,"54,930","1,208","73,530","1,387"
2005,"12,520",100,10.6,9.9,11.2,15.4,19.4,12.3,12.6,4.5,4.0,"53,810",879,"70,520","1,167"
2004 9,"12,180",100,10.5,10.9,10.8,16.0,18.6,12.5,12.2,4.8,3.8,"52,760","1,215","70,620","1,421"
2003,"11,690",100,10.1,10.9,11.4,15.7,19.0,12.0,12.5,4.5,3.8,"52,070","1,191","70,170","1,277"
2002,"11,340",100,10.2,10.1,10.9,15.9,18.7,13.0,12.6,4.7,3.8,"53,320","1,277","72,300","1,590"
2001,"10,500",100,9.7,10.4,11.1,14.6,19.6,12.4,13.5,4.9,3.8,"54,740","1,143","72,380","1,505"
2000 10,"10,030",100,9.3,9.9,11.4,14.1,20.3,12.9,14.0,4.4,3.7,"55,310","1,311","73,340","1,736"
1999 11,"9,579",100,9.8,10.8,11.8,14.8,19.6,12.2,13.1,4.5,3.4,"53,040","1,269","69,680","2,035"
1998,"9,060",100,12.5,12.1,10.0,15.7,18.8,12.0,11.6,4.1,3.2,"49,890","1,582","67,410","2,358"
1997,"8,590",100,13.7,12.3,10.8,15.8,18.8,11.7,10.6,3.5,2.9,"47,530","1,395","64,050","2,126"
1996,"8,225",100,13.7,12.7,12.6,15.6,18.0,10.9,10.6,3.1,2.6,"45,410","1,449","62,000","2,360"
1995 12,"7,939",100,15.3,13.5,12.4,15.6,17.8,10.4,9.8,3.1,2.0,"42,780","1,533","58,390","2,155"
1994 13,"7,735",100,14.9,14.0,11.5,15.3,18.0,10.7,10.1,3.2,2.4,"44,860","1,371","60,500","2,483"
1993 14,"7,362",100,13.6,14.0,11.7,16.3,19.0,9.9,10.5,3.0,2.0,"44,800","1,481","59,290","2,051"
1992 15,"7,153",100,13.9,13.5,11.9,14.9,19.1,11.4,10.3,3.1,1.8,"45,330","1,541","57,810","1,495"
1991,"6,379",100,13.3,13.4,11.7,14.7,19.1,12.0,10.3,3.1,2.3,"46,670","1,597","59,380","1,563"
1990,"6,220",100,13.2,13.0,11.4,14.7,20.2,12.3,10.0,3.3,2.1,"47,600","1,606","59,620","1,616"
1989,"5,933",100,13.2,11.5,10.9,15.6,18.5,12.2,12.4,3.2,2.5,"49,000","1,563","62,570","1,769"
1988,"5,910",100,14.2,12.0,11.1,15.5,18.7,12.4,10.7,3.1,2.4,"47,500","1,981","60,650","2,115"
1987 16,"5,642",100,14.6,12.5,11.9,14.7,18.2,12.1,10.8,3.0,2.2,"46,790","1,672","59,970","1,827"
1986,"5,418",100,14.1,12.5,12.1,14.7,18.9,12.0,10.9,3.3,1.5,"45,910","1,967","57,970","1,568"
1985 17,"5,213",100,14.1,14.2,12.3,14.4,19.6,11.3,10.0,2.8,1.1,"44,410","1,706","55,490","1,485"
1984 18,"4,883",100,15.2,13.3,11.7,14.5,19.7,11.8,10.1,2.5,1.3,"44,670","1,842","55,550","1,782"
1983,"4,326",100,14.7,14.8,11.3,17.0,18.7,11.4,8.7,2.4,0.9,"43,570","1,816","53,050","1,676"
1982,"4,085",100,14.6,15.0,12.0,15.6,19.4,10.9,9.7,1.5,1.3,"43,320","1,883","53,460","1,784"
1981,"3,980",100,12.2,13.5,12.3,15.7,20.9,12.1,10.1,2.2,1.0,"46,310","2,086","55,610","1,748"
1980,"3,906",100,13.5,12.7,13.0,16.2,19.4,12.1,9.8,2.2,1.0,"45,260","2,018","55,290","1,811"
1979 19,"3,684",100,11.6,12.1,11.1,17.3,21.5,12.4,10.2,2.5,1.3,"48,020","2,277","58,100","1,920"
1978,"3,291",100,11.4,12.7,11.9,17.5,20.4,13.6,9.5,2.1,1.0,"47,580","1,896","56,200","1,870"
1977,"3,304",100,11.4,13.6,12.8,17.4,21.6,12.4,8.2,1.9,0.8,"45,850","1,325","54,110","1,374"
1976 20,"3,081",100,13.5,13.7,12.8,17.0,20.6,12.4,7.8,1.8,0.6,"43,870","1,539","51,850","1,388"
1975 21,"2,948",100,13.4,13.6,13.9,17.5,21.0,11.8,6.8,1.3,0.7,"42,960","1,562","51,000","1,491"
"1974 21, 22","2,897",100,10.4,13.5,13.6,16.1,23.2,12.8,8.0,1.7,0.8,"46,760","1,684","54,160","1,451"
1973,"2,722",100,10.2,12.4,12.5,18.5,22.6,13.5,8.1,1.7,0.5,"46,960","1,755","54,560","1,461"
1972 23,"2,655",100,10.3,13.1,13.4,18.5,23.9,11.3,7.2,1.4,0.8,"46,970","1,510","53,990","1,510"
N Not available.,,,,,,,,,,,,,,,
"1 Since 2003, federal surveys have allowed respondents to report more than one race. Therefore, two basic ways of defining a race group are possible. A group, such as Asian, may be defined as those who reported Asian and no other race (the race-alone or single-race concept) or as those who reported Asian regardless of whether they also reported another race (the race-alone-or-in-combination concept). This table shows data using both approaches. Since Hispanic individuals may be any race, data for the Hispanic population overlap with data for race groups. Of those who reported only one race in the 2024 CPS ASEC, Hispanic origin was reported by 17.1 percent of White householders, 5.8 percent of Black householders, 2.4 percent of Asian householders, and 32.3 percent of American Indian and Alaska Native householders. Data users should exercise caution when interpreting aggregate results for the Hispanic population or for race groups because these populations consist of many distinct groups that differ in socioeconomic characteristics, culture, and nativity. Data on Hispanic origin was first collected in 1972. Data on Asian and Pacific Islander origin and American Indian and Alaska Native origin was first collected in 1987. Estimates for Native Hawaiians and Other Pacific Islanders are not shown separately due to sample size.",,,,,,,,,,,,,,,
"2 A margin of error (MOE) is a measure of an estimate's variability. The larger the MOE in relation to the size of the estimate, the less reliable the estimate. This number, when added to and subtracted from the estimate, forms the 90 percent confidence interval. MOEs shown in this table are based on standard errors calculated using replicate weights beginning with 2010. Before 2010, standard errors were calculated using the generalized variance function.",,,,,,,,,,,,,,,
3 Implementation of 2020 Census-based population controls.,,,,,,,,,,,,,,,
4 Estimates reflect the implementation of an updated processing system and should be used to make comparisons to 2018 and subsequent years.,,,,,,,,,,,,,,,
"5 The 2014 CPS ASEC included redesigned questions for income and health insurance coverage. All of the approximately 98,000 addresses were eligible to receive the redesigned set of health insurance coverage questions. The redesigned income questions were implemented to a subsample of these 98,000 addresses using a probability split panel design. Approximately 68,000 addresses were eligible to receive a set of income questions similar to those used in the 2013 CPS ASEC and the remaining 30,000 addresses were eligible to receive the redesigned income questions. The source of these 2013 estimates is the portion of the CPS ASEC sample that received the redesigned income questions, approximately 30,000 addresses.",,,,,,,,,,,,,,,
"6 The source of these 2013 estimates is the portion of the CPS ASEC sample that received the income questions consistent with the 2013 CPS ASEC, approximately 68,000 addresses.",,,,,,,,,,,,,,,
"7 Implementation of 2010 Census-based population controls. Beginning with 2010, standard errors in this table were calculated using replicate weights. Before 2010, standard errors were calculated using the generalized variance function.",,,,,,,,,,,,,,,
"8 Beginning with 2009 income data, the Census Bureau expanded the upper income intervals used to calculate medians to $250,000 or more. Medians falling in the upper open-ended interval are plugged with ""$250,000."" Before 2009, the upper open-ended interval was $100,000 and a plug of ""$100,000"" was used.",,,,,,,,,,,,,,,
9 Data have been revised to reflect a correction to the weights in the 2005 CPS ASEC.,,,,,,,,,,,,,,,
"10 Implementation of a 28,000-household sample expansion.",,,,,,,,,,,,,,,
11 Implementation of 2000 Census-based population controls.,,,,,,,,,,,,,,,
"12 Full implementation of 1990 Census-based sample design and metropolitan definitions, 7,000-household sample reduction, and revised editing of responses on race.",,,,,,,,,,,,,,,
13 Introduction of 1990 Census-based sample design.,,,,,,,,,,,,,,,
"14 Data collection method changed from paper and pencil to computer-assisted interviewing. In addition, the 1994 CPS ASEC was revised to allow for the coding of different income amounts on selected questionnaire items. Limits either increased or decreased in the following categories: earnings limits increased to $999,999; Social Security limits increased to $49,999; Supplemental Security Income and public assistance limits increased to $24,999; veterans' benefits limits increased to $99,999; child support and alimony limits decreased to $49,999.",,,,,,,,,,,,,,,
15 Implementation of 1990 Census-based population controls.,,,,,,,,,,,,,,,
16 Implementation of a new CPS ASEC processing system.,,,,,,,,,,,,,,,
"17 Recording of amounts for earnings from longest job increased to $299,999. Full implementation of 1980 Census-based sample design.",,,,,,,,,,,,,,,
18 Implementation of Hispanic population weighting controls and introduction of 1980 Census-based sample design.,,,,,,,,,,,,,,,
19 Implementation of 1980 Census-based population controls. Questionnaire expanded to show 27 possible values from 51 possible sources of income.,,,,,,,,,,,,,,,
"20 First year medians were derived using both Pareto and linear interpolation. Before this year, all medians were derived using linear interpolation.",,,,,,,,,,,,,,,
"21 Some of these estimates were derived using Pareto interpolation and may differ from published data, which were derived using linear interpolation.",,,,,,,,,,,,,,,
22 Implementation of a new CPS ASEC processing system. Questionnaire expanded to ask 11 income questions.,,,,,,,,,,,,,,,
23 Full implementation of 1970 Census-based sample design.,,,,,,,,,,,,,,,
24 Introduction of 1970 Census-based sample design and population controls.,,,,,,,,,,,,,,,
25 Implementation of a new CPS ASEC processing system.,,,,,,,,,,,,,,,
"Note: Median income estimates are calculated using linear interpolation and $2,500 intervals. Inflation-adjusted estimates may differ slightly from other published data due to rounding.",,,,,,,,,,,,,,,
"Source: U.S. Census Bureau, Current Population Survey, 1968 to 2024 Annual Social and Economic Supplements (CPS ASEC).",,,,,,,,,,,,,,,
